,name,AverageShortestPathLength,BetweennessCentrality,ClosenessCentrality,Degree,Eccentricity
0,Q4VP87,7.72523364,0.01130116,0.12944592,8,16
1,P13693,6.74299065,0.02182976,0.14830215,3,15
2,P30480,6.90186916,0.00958807,0.14488829,3,15
3,Q14590,8.72429907,0.0,0.11462239,1,17
4,Q86VB7,8.72429907,0.0,0.11462239,1,17
5,Q86Y74,8.72429907,0.0,0.11462239,1,17
6,Q8NHJ6,8.72429907,0.0,0.11462239,1,17
7,Q8NHL6,8.72429907,0.0,0.11462239,1,17
8,Q96GE9,8.72429907,0.0,0.11462239,1,17
9,Q5NE72,1.0,0.0,1.0,1,1
10,Q9UI12,1.0,0.0,1.0,1,1
11,Q5NE79,7.96074766,0.0070134,0.12561634,4,18
12,P55072,8.95981308,0.0,0.11160947,1,19
13,Q6ZV49,7.09252336,0.01359344,0.14099354,3,17
14,Q96ST8,8.45327103,0.00292617,0.1182974,2,19
15,Q9NYI0,8.95981308,0.0,0.11160947,1,19
16,Q5NE81,6.8317757,0.0,0.14637483,1,16
17,Q9H355,5.83271028,0.01625359,0.17144688,3,15
18,Q5NE82,6.45233645,0.00943571,0.15498262,5,16
19,P0C0L4,6.531775700000001,0.00365446,0.15309772,2,16
20,P53804,7.45140187,0.0,0.13420293,1,17
21,P61586,7.45140187,0.0,0.13420293,1,17
22,Q66GS9,5.84205607,0.00805397,0.17117261,2,15
23,Q9UGI8,7.43831776,0.00271274,0.134439,2,17
24,Q5NE83,7.23925234,0.01319484,0.13813581,7,15
25,O43491,8.23831776,0.0,0.12138399999999999,1,16
26,P02462,7.572897200000001,0.00588119,0.13204986,3,16
27,P05412,7.627102799999999,0.0027385,0.13111138,2,15
28,Q14498,8.23831776,0.0,0.12138399999999999,1,16
29,Q86TM6,6.636448599999999,0.01618022,0.15068299999999998,3,16
30,Q86VX2,8.23831776,0.0,0.12138399999999999,1,16
31,Q96QK1,8.23831776,0.0,0.12138399999999999,1,16
32,Q5NE85,8.16074766,0.0,0.12253779,1,17
33,Q8IVI9,7.16168224,0.00186916,0.139632,2,16
34,Q5NE94,7.45420561,0.00560223,0.13415246,4,17
35,O75923,6.46074766,0.00916086,0.15478085,3,16
36,Q13621,8.45327103,0.0,0.1182974,1,18
37,Q64F87,8.45327103,0.0,0.1182974,1,18
38,Q92610,8.45327103,0.0,0.1182974,1,18
39,Q5NE96,7.97383178,0.0,0.12541022,1,17
40,Q9UNE7,6.97476636,0.00186916,0.14337398,2,16
41,Q5NE99,9.97943925,0.02951313,0.10020603,3,19
42,O00165,10.95233645,0.02585,0.09130472,2,20
43,Q9NWR8,10.97850467,0.0,0.09108709,1,20
44,Q9Y2J2,9.01028037,0.03130011,0.11098434,2,18
45,Q5NEA2,9.32149533,0.01302117,0.10727893,3,20
46,P13639,10.31121495,0.00931782,0.09698178,3,21
47,Q96QT6,10.32056075,0.0,0.09689396,1,21
48,Q9HCC8,8.33551402,0.01485535,0.11996861,2,19
49,Q5NEA3,7.35327103,0.00325272,0.13599389999999997,3,16
50,P51991,7.01401869,0.00250108,0.14257162,2,17
51,P60953,6.7317757,0.00348547,0.14854922,2,15
52,Q9UJ04,8.35233645,0.0,0.11972698,1,17
53,Q5NEB0,1.0,1.0,1.0,2,1
54,Q96FZ5,1.5,0.0,0.66666667,1,2
55,Q9NX76,1.5,0.0,0.66666667,1,2
56,Q5NEB2,7.35140187,0.01854996,0.13602848,3,18
57,P04792,6.37102804,0.02696912,0.15696054,3,17
58,Q9NUV9,8.35046729,0.0,0.11975378,1,19
59,Q5NEB3,1.0,0.0,1.0,1,1
60,O15127,1.0,0.0,1.0,1,1
61,Q5NEB4,5.47476636,0.02399952,0.18265620000000002,6,15
62,P00533,6.47383178,0.0,0.15446802,1,16
63,P04233,5.01775701,0.19290409,0.19929223,11,14
64,P48995,5.35420561,0.06140695,0.18676907,5,15
65,Q8N6S5,6.47383178,0.0,0.15446802,1,16
66,Q92614,6.47383178,0.0,0.15446802,1,16
67,Q9NUN5,6.47383178,0.0,0.15446802,1,16
68,Q5NEB5,5.81869159,0.0387969,0.17185994,5,15
69,O15162,6.47009346,0.03358519,0.15455727,6,16
70,O75886,6.81775701,0.0,0.14667581,1,16
71,P01834,5.87009346,0.06876305,0.17035504,9,15
72,Q7Z7A1,5.19345794,0.07411373,0.19254994,4,14
73,Q9NQC1,6.29626168,0.01911524,0.1588244,3,16
74,Q5NEB6,6.55700935,0.03408718,0.15250855,12,16
75,O60888,7.55607477,0.0,0.13234385,1,17
76,O60941,5.94672897,0.01776723,0.16815967,3,15
77,Q01826,7.55607477,0.0,0.13234385,1,17
78,Q08380,6.96168224,0.01017876,0.14364344,3,17
79,Q30154,7.55607477,0.0,0.13234385,1,17
80,Q86SQ0,7.55607477,0.0,0.13234385,1,17
81,Q8NEU8,7.55607477,0.0,0.13234385,1,17
82,Q969G3,7.55607477,0.0,0.13234385,1,17
83,Q9NZM3,6.531775700000001,0.00594642,0.15309772,2,17
84,Q9UJW9,7.38971963,0.00380925,0.13532313,3,17
85,Q9UQ35,7.50747664,0.00920096,0.13320055,2,17
86,Q5NEB8,8.70280374,0.0,0.11490550000000001,1,18
87,Q5T3J3,7.70373832,0.00186916,0.12980711,2,17
88,Q5NEB9,1.0,0.0,1.0,1,1
89,Q8NDF8,1.0,0.0,1.0,1,1
90,Q5NEC0,4.86915888,0.28221193,0.20537428,60,14
91,A0A1L1M261,5.41775701,0.03467225,0.18457823,4,15
92,A8K451,5.8682243,0.0,0.17040929999999999,1,15
93,O14975,5.8682243,0.0,0.17040929999999999,1,15
94,O43914,5.8682243,0.0,0.17040929999999999,1,15
95,O75298,5.84392523,0.01105666,0.17111786,3,15
96,O75821,5.8682243,0.0,0.17040929999999999,1,15
97,P01871,5.18224299,0.1665076,0.19296664,9,13
98,P05155,5.8682243,0.0,0.17040929999999999,1,15
99,P07225,5.8682243,0.0,0.17040929999999999,1,15
100,P09341,5.8682243,0.0,0.17040929999999999,1,15
101,P12544,5.8682243,0.0,0.17040929999999999,1,15
102,P15260,5.8682243,0.0,0.17040929999999999,1,15
103,P15311,5.8682243,0.0,0.17040929999999999,1,15
104,P17927,5.8682243,0.0,0.17040929999999999,1,15
105,P19838,4.79345794,0.20889168,0.20861766,11,15
106,P25116,5.8682243,0.0,0.17040929999999999,1,15
107,P25963,5.8682243,0.0,0.17040929999999999,1,15
108,P27824,5.8682243,0.0,0.17040929999999999,1,15
109,P31785,5.8682243,0.0,0.17040929999999999,1,15
110,P32519,5.8682243,0.0,0.17040929999999999,1,15
111,P42356,5.41028037,0.02992123,0.18483329999999998,3,15
112,P48200,5.8682243,0.0,0.17040929999999999,1,15
113,P49005,5.8682243,0.0,0.17040929999999999,1,15
114,P52630,5.8682243,0.0,0.17040929999999999,1,15
115,P55209,5.73364486,0.02512246,0.17440913,4,15
116,P63261,5.8682243,0.0,0.17040929999999999,1,15
117,P63313,5.8682243,0.0,0.17040929999999999,1,15
118,Q07075,5.8682243,0.0,0.17040929999999999,1,15
119,Q08117,5.86448598,0.00373482,0.17051793,2,15
120,Q13011,5.8682243,0.0,0.17040929999999999,1,15
121,Q13042,5.86635514,0.00186916,0.1704636,2,15
122,Q13503,5.8682243,0.0,0.17040929999999999,1,15
123,Q13576,5.8682243,0.0,0.17040929999999999,1,15
124,Q14692,5.78224299,0.00719902,0.17294327,2,15
125,Q15388,5.8682243,0.0,0.17040929999999999,1,15
126,Q15849,5.8682243,0.0,0.17040929999999999,1,15
127,Q2TAL8,5.8682243,0.0,0.17040929999999999,1,15
128,Q6XXX2,5.8682243,0.0,0.17040929999999999,1,15
129,Q7Z591,5.62336449,0.02253207,0.17782948,2,15
130,Q8NA92,5.8682243,0.0,0.17040929999999999,1,15
131,Q8NDC0,5.8682243,0.0,0.17040929999999999,1,15
132,Q8WVX3,5.8682243,0.0,0.17040929999999999,1,15
133,Q96LM7,5.70186916,0.00813469,0.17538109,2,15
134,Q96QZ7,5.8588785,0.00780371,0.17068113,2,15
135,Q99459,5.86261682,0.00559699,0.17057229,2,15
136,Q99814,5.8364486,0.01622303,0.17133707,3,15
137,Q9BQ65,5.8682243,0.0,0.17040929999999999,1,15
138,Q9HBG7,5.8682243,0.0,0.17040929999999999,1,15
139,Q9HBS4,5.8682243,0.0,0.17040929999999999,1,15
140,Q9NPJ6,5.8682243,0.0,0.17040929999999999,1,15
141,Q9NR12,5.8682243,0.0,0.17040929999999999,1,15
142,Q9NXT0,5.8682243,0.0,0.17040929999999999,1,15
143,Q9UBK9,5.85514019,0.00885776,0.1707901,3,15
144,Q9UKK3,5.8682243,0.0,0.17040929999999999,1,15
145,Q9Y303,5.8682243,0.0,0.17040929999999999,1,15
146,Q9Y4W6,5.8682243,0.0,0.17040929999999999,1,15
147,Q9Y6X8,5.8682243,0.0,0.17040929999999999,1,15
148,Q5NEC2,7.48598131,0.00192939,0.13358302,2,17
149,P02461,7.04392523,0.00281172,0.1419663,2,16
150,Q5NEC8,1.0,0.0,1.0,1,1
151,Q9ULD4,1.0,0.0,1.0,1,1
152,Q5NEE1,8.36074766,0.00378683,0.11960653,4,18
153,P42224,9.35981308,0.0,0.10683974,1,19
154,Q4LDE5,9.35981308,0.0,0.10683974,1,19
155,Q6QIN9,7.38785047,0.00293714,0.13535737,2,17
156,Q5NEE2,1.0,1.0,1.0,2,1
157,P20936,1.5,0.0,0.66666667,1,2
158,P84077,1.5,0.0,0.66666667,1,2
159,Q5NEG0,6.94766355,0.0074608999999999995,0.14393328,3,16
160,O75970,7.94299065,0.00373657,0.12589716,3,17
161,P06239,5.95607477,0.01282612,0.16789581,3,15
162,P61006,7.94672897,0.0,0.12583794,1,17
163,Q5NEH0,9.4411215,0.0,0.10591962,1,19
164,Q9BYB0,8.44205607,0.00186916,0.11845456,2,18
165,Q5NEH1,5.97009346,0.03796434,0.16750157,13,15
166,P01266,6.96915888,0.0,0.14348934,1,16
167,P08572,6.19345794,0.01168333,0.16146069,3,16
168,P17931,6.47943925,0.00970162,0.15433434,2,15
169,P23769,6.96915888,0.0,0.14348934,1,16
170,P51148,6.96915888,0.0,0.14348934,1,16
171,Q13469,6.96915888,0.0,0.14348934,1,16
172,Q14974,6.96915888,0.0,0.14348934,1,16
173,Q9BT23,6.96915888,0.0,0.14348934,1,16
174,Q9H074,6.96915888,0.0,0.14348934,1,16
175,Q9HCK8,6.96915888,0.0,0.14348934,1,16
176,Q9UBD5,6.79345794,0.00567261,0.14720044,2,16
177,Q9UNK0,6.94485981,0.00621342,0.14399139,2,16
178,Q5NEH4,1.0,0.0,1.0,1,1
179,O75420,1.0,0.0,1.0,1,1
180,Q5NEH8,7.9588785,0.00251691,0.12564584,3,18
181,P22626,7.21028037,0.00754692,0.13869086,4,17
182,Q53EM3,8.95794393,0.0,0.11163276,1,19
183,Q8IYJ3,7.7,0.00177293,0.12987013,2,17
184,Q5NEI9,9.82429907,0.00186916,0.10178843,2,20
185,Q8IVH2,10.82336449,0.0,0.09239271,1,21
186,Q9H6T3,8.8271028,0.00373482,0.11328745,2,19
187,Q5NEJ4,6.863551400000001,0.00560223,0.14569717,4,16
188,O43927,7.86261682,0.0,0.12718412,1,17
189,P49765,7.86261682,0.0,0.12718412,1,17
190,Q8N699,7.86261682,0.0,0.12718412,1,17
191,Q5NEL1,1.0,1.0,1.0,2,1
192,O14908,1.5,0.0,0.66666667,1,2
193,Q86U70,1.5,0.0,0.66666667,1,2
194,Q5NEL7,6.34953271,0.00373657,0.1574919,3,16
195,P40692,7.34859813,0.0,0.13608038,1,17
196,Q96PU8,7.34859813,0.0,0.13608038,1,17
197,Q5NEM6,1.0,0.0,1.0,1,1
198,P36776,1.0,0.0,1.0,1,1
199,Q5NEM8,7.00373832,0.01610105,0.14278089,6,17
200,P28290,8.00280374,0.0,0.12495621,1,18
201,P52435,8.00280374,0.0,0.12495621,1,18
202,Q4VAK3,7.34672897,0.0065341999999999996,0.136115,2,17
203,Q86XR2,7.99906542,0.00373482,0.1250146,2,18
204,Q9H307,8.00280374,0.0,0.12495621,1,18
205,Q5NEM9,5.99065421,0.01361746,0.16692668,7,15
206,O15131,6.98971963,0.0,0.14306725,1,16
207,P10124,6.98971963,0.0,0.14306725,1,16
208,P35222,6.98971963,0.0,0.14306725,1,16
209,P51825,6.98971963,0.0,0.14306725,1,16
210,Q9BX70,6.98971963,0.0,0.14306725,1,16
211,Q5NEN2,7.17757009,0.0,0.13932292,1,15
212,P61769,6.17850467,0.04825934,0.16185146,7,14
213,Q5NEN3,6.94766355,0.00373482,0.14393328,2,16
214,P30504,5.95233645,0.03234475,0.16800126,5,15
215,Q8TF65,7.94485981,0.00186916,0.12586754,2,17
216,Q5NEP4,9.19439252,0.00932831,0.10876194,6,19
217,P46379,8.2046729,0.01392032,0.12188176,4,18
218,P61077,10.19345794,0.0,0.09810214,1,20
219,Q8TDU6,10.19345794,0.0,0.09810214,1,20
220,Q92982,10.19345794,0.0,0.09810214,1,20
221,Q9NZM5,10.19345794,0.0,0.09810214,1,20
222,Q9UBL3,10.19345794,0.0,0.09810214,1,20
223,Q5NEP5,7.17570093,0.00281084,0.13935921,3,16
224,O00365,7.48130841,0.00074723,0.13366646,2,17
225,Q8N6B3,8.17476636,0.0,0.12232766,1,17
226,Q9Y6C2,6.18971963,0.00601158,0.16155821,3,15
227,Q5NEQ5,1.5,0.0,0.66666667,1,2
228,O75794,1.0,1.0,1.0,2,1
229,Q5NER2,1.0,1.0,1.0,2,1
230,Q8N8R7,1.5,0.0,0.66666667,1,2
231,Q9P2T1,1.5,0.0,0.66666667,1,2
232,Q5NER4,1.0,0.0,1.0,1,1
233,Q9UBE0,1.0,0.0,1.0,1,1
234,Q5NER5,8.55327103,0.0,0.11691434,1,19
235,Q4G0J3,7.55420561,0.00186916,0.13237659,2,18
236,Q5NER8,7.58504673,0.0,0.13183834,1,16
237,Q96CN5,6.58598131,0.01024364,0.15183766,3,15
238,Q5NES5,7.10280374,0.00555893,0.14078947,5,17
239,Q16512,8.10186916,0.0,0.12342831,1,18
240,Q16539,8.10186916,0.0,0.12342831,1,18
241,Q53GD2,6.95981308,0.00248529,0.14368202,2,16
242,Q8IYM9,6.4271028,0.00638103,0.1555911,3,16
243,Q9P2M4,7.25327103,0.00107566,0.13786883,2,16
244,Q5NES6,1.0,0.0,1.0,1,1
245,O75995,1.0,0.0,1.0,1,1
246,Q5NES9,5.70841121,0.01516136,0.17518009,6,15
247,O94979,5.6364486,0.02122566,0.17741668,4,15
248,P01241,6.70747664,0.0,0.14908736,1,16
249,P62328,6.70747664,0.0,0.14908736,1,16
250,Q2KHM9,6.70747664,0.0,0.14908736,1,16
251,Q9Y394,6.70747664,0.0,0.14908736,1,16
252,Q5NET1,7.68037383,0.00947674,0.13020199999999998,3,17
253,P17844,6.82336449,0.01080648,0.14655527,2,16
254,Q9H270,8.67943925,0.0,0.11521482,1,18
255,Q5NET2,8.72897196,0.00373657,0.11456103,3,18
256,P49792,9.72803738,0.0,0.10279566,1,19
257,Q3YBR2,7.73364486,0.00559699,0.12930514,2,17
258,Q5VZL5,9.72803738,0.0,0.10279566,1,19
259,Q5NET3,6.9046729000000004,0.0121581,0.14482945,7,15
260,O75746,7.90373832,0.0,0.12652241,1,16
261,O75956,7.90373832,0.0,0.12652241,1,16
262,Q12891,7.19906542,0.00178176,0.13890692,2,16
263,Q8NHY2,7.90373832,0.0,0.12652241,1,16
264,Q9H1J1,7.90373832,0.0,0.12652241,1,16
265,Q5NET6,1.0,1.0,1.0,2,1
266,A7E1X5,1.5,0.0,0.66666667,1,2
267,Q9Y512,1.5,0.0,0.66666667,1,2
268,Q5NET8,6.67663551,0.01439843,0.14977604,9,16
269,O75157,7.67570093,0.0,0.13028126,1,17
270,P40763,6.00093458,0.01139744,0.16664071,2,15
271,P49407,6.56168224,0.00560845,0.15239994,2,15
272,P51808,7.67570093,0.0,0.13028126,1,17
273,P53365,7.67570093,0.0,0.13028126,1,17
274,Q15053,7.67570093,0.0,0.13028126,1,17
275,Q86UW6,7.67570093,0.0,0.13028126,1,17
276,Q9BVC6,7.67570093,0.0,0.13028126,1,17
277,Q9H6E5,7.67570093,0.0,0.13028126,1,17
278,Q5NEU6,5.44672897,0.04341817,0.18359643,8,14
279,O15357,6.44579439,0.0,0.15513992,1,15
280,P05107,6.44579439,0.0,0.15513992,1,15
281,Q13438,6.26074766,0.01631725,0.15972533,6,15
282,Q2M3W8,6.44579439,0.0,0.15513992,1,15
283,Q86WV6,6.44579439,0.0,0.15513992,1,15
284,Q92575,6.26074766,0.0130701,0.15972533,2,15
285,Q5NEV2,1.0,0.0,1.0,1,1
286,O94842,1.0,0.0,1.0,1,1
287,Q5NEV5,1.0,0.0,1.0,1,1
288,Q9Y2M5,1.0,0.0,1.0,1,1
289,Q5NEV6,9.0,0.0,0.11111111,1,18
290,P46939,8.00093458,0.0074608999999999995,0.12498540000000001,3,17
291,Q5NEV8,6.94579439,0.0,0.14397201,1,16
292,Q5NEW4,1.0,1.0,1.0,4,1
293,O14974,1.75,0.0,0.57142857,1,2
294,Q7Z494,1.75,0.0,0.57142857,1,2
295,Q96CD2,1.75,0.0,0.57142857,1,2
296,Q9BY42,1.75,0.0,0.57142857,1,2
297,Q5NEW7,8.27476636,0.0,0.12084933,1,18
298,Q02763,7.27570093,0.00373657,0.13744379999999998,3,17
299,Q5NEX2,7.04299065,0.0029613000000000005,0.14198514,2,16
300,O75533,6.27196262,0.01293258,0.15943973,3,15
301,P20073,7.12990654,0.00418408,0.14025429,3,17
302,Q5NEX3,6.17570093,0.00560223,0.16192494,4,14
303,Q2TAC2,7.17476636,0.0,0.13937736,1,15
304,Q5SZL2,7.17476636,0.0,0.13937736,1,15
305,Q96T23,7.17476636,0.0,0.13937736,1,15
306,Q5NEX4,6.39626168,0.01235642,0.15634132,5,16
307,Q13137,7.395327099999999,0.0,0.13522052,1,17
308,Q8NDV7,6.42897196,0.0075863,0.15554586,3,16
309,Q99576,7.395327099999999,0.0,0.13522052,1,17
310,Q9Y2G2,6.41401869,0.00367804,0.15590849,2,16
311,Q5NEY0,7.08598131,0.01954478,0.14112371,3,15
312,P12109,7.98785047,0.016370600000000003,0.12519013,2,16
313,Q06643,8.08504673,0.0,0.12368512,1,16
314,Q5NEY1,7.57383178,0.00621751,0.13203356,3,17
315,O14641,6.70373832,0.00952499,0.14917049999999998,3,16
316,Q68CZ6,8.21401869,0.00343431,0.12174309,2,18
317,Q96JB2,8.5728972,0.0,0.11664668,1,18
318,Q5NEY3,1.0,1.0,1.0,2,1
319,Q92673,1.5,0.0,0.66666667,1,2
320,Q96HP8,1.5,0.0,0.66666667,1,2
321,Q5NEY7,1.0,1.0,1.0,4,1
322,O95715,1.75,0.0,0.57142857,1,2
323,P49458,1.75,0.0,0.57142857,1,2
324,Q3MJ13,1.75,0.0,0.57142857,1,2
325,Q9H0U3,1.75,0.0,0.57142857,1,2
326,Q5NF08,7.42616822,0.0,0.13465895,1,17
327,Q5NF14,8.89345794,0.0,0.1124422,1,18
328,Q92574,7.89439252,0.00186916,0.12667219,2,17
329,Q5NF16,8.94205607,0.0,0.11183110000000002,1,18
330,Q5NF27,6.31962617,0.01171474,0.15823721,4,16
331,P30048,7.31869159,0.0,0.13663644,1,17
332,P30084,7.31869159,0.0,0.13663644,1,17
333,Q5NF29,7.01682243,0.00586772,0.14251465,4,17
334,Q16534,6.14485981,0.02042388,0.16273764,5,16
335,Q86X95,8.01588785,0.0,0.12475224,1,18
336,Q8N3J9,7.61028037,0.00177546,0.13140120000000002,2,17
337,Q9P031,8.01588785,0.0,0.12475224,1,18
338,Q5NF31,7.758878500000001,0.00746614,0.12888461,5,16
339,Q14154,8.75794393,0.0,0.11418205,1,17
340,Q4L180,8.75794393,0.0,0.11418205,1,17
341,Q99961,6.76728972,0.00931082,0.14776965,2,15
342,Q9HCM1,8.75794393,0.0,0.11418205,1,17
343,Q9UBV2,8.75794393,0.0,0.11418205,1,17
344,Q5NF36,1.5,0.0,0.66666667,1,2
345,Q9UKY1,1.0,1.0,1.0,2,1
346,Q5NF37,6.37570093,0.03773916,0.1568455,15,16
347,P01023,7.37476636,0.0,0.13559752,1,17
348,P01034,7.37476636,0.0,0.13559752,1,17
349,P04040,7.37476636,0.0,0.13559752,1,17
350,P09601,7.37476636,0.0,0.13559752,1,17
351,P14618,6.836448599999999,0.00978112,0.14627478,3,17
352,P56199,7.37476636,0.0,0.13559752,1,17
353,P61968,7.37476636,0.0,0.13559752,1,17
354,P78347,6.52803738,0.01152764,0.1531854,2,15
355,Q6P2Q9,7.06448598,0.00383901,0.14155312,2,17
356,Q6W2J9,7.37476636,0.0,0.13559752,1,17
357,Q8NAU3,7.24766355,0.00700698,0.1379755,2,17
358,Q92618,7.37476636,0.0,0.13559752,1,17
359,Q93062,7.37476636,0.0,0.13559752,1,17
360,Q9UHF1,6.436448599999999,0.01486876,0.15536518,2,15
361,Q5NF40,7.88598131,0.0,0.1268073,1,16
362,Q96T58,6.88691589,0.00186916,0.14520288,2,15
363,Q5NF50,6.76261682,0.05849567,0.14787175,12,17
364,O15031,7.76168224,0.0,0.12883805,1,18
365,O75503,7.76168224,0.0,0.12883805,1,18
366,P00367,6.93551402,0.01148132,0.14418542,2,16
367,P14625,7.76168224,0.0,0.12883805,1,18
368,P26651,7.57476636,0.02910655,0.13201727,2,18
369,P78524,7.76168224,0.0,0.12883805,1,18
370,Q12872,7.75046729,0.0111625,0.12902448,2,18
371,Q14494,5.97663551,0.04782716,0.16731822,2,16
372,Q6IQ21,7.76168224,0.0,0.12883805,1,18
373,Q7L014,7.76168224,0.0,0.12883805,1,18
374,Q92956,7.76168224,0.0,0.12883805,1,18
375,Q9NXL9,7.76168224,0.0,0.12883805,1,18
376,Q5NF52,7.8317757,0.01168147,0.12768496,6,18
377,O15169,8.52616822,0.00089657,0.11728598,2,18
378,Q7LDG7,8.83084112,0.0,0.11323949999999999,1,19
379,Q9P219,8.83084112,0.0,0.11323949999999999,1,19
380,Q9UL46,7.25140187,0.00838129,0.13790437,4,17
381,Q5NF53,8.42056075,0.01562254,0.11875694,9,18
382,O00622,9.41962617,0.0,0.10616133,1,19
383,P04440,9.41962617,0.0,0.10616133,1,19
384,P05165,9.41962617,0.0,0.10616133,1,19
385,Q13315,8.19906542,0.00837283,0.12196512,2,19
386,Q5VXM9,9.41962617,0.0,0.10616133,1,19
387,Q8NDX5,9.41962617,0.0,0.10616133,1,19
388,Q9H098,9.41962617,0.0,0.10616133,1,19
389,Q9UBW7,9.41962617,0.0,0.10616133,1,19
390,Q9Y2K1,7.96728972,0.01105415,0.12551320000000002,2,17
391,Q5NF60,6.09719626,0.02632251,0.16400981,7,16
392,O94964,7.09626168,0.0,0.14091927,1,17
393,P01912,6.34859813,0.00955772,0.15751509,3,15
394,Q8IWU5,7.09626168,0.0,0.14091927,1,17
395,Q92541,7.09626168,0.0,0.14091927,1,17
396,Q9BX26,7.09626168,0.0,0.14091927,1,17
397,Q5NF66,8.19252336,0.0,0.12206251,1,16
398,Q9C005,7.19345794,0.00931782,0.1390152,3,15
399,Q5NF67,7.22242991,0.0067613,0.13845756,5,16
400,Q96PV0,8.22149533,0.0,0.12163237,1,17
401,Q9UHY8,8.22149533,0.0,0.12163237,1,17
402,Q5NF68,1.0,0.0,1.0,1,1
403,Q86VP1,1.0,0.0,1.0,1,1
404,Q5NF74,6.55700935,0.06535184,0.15250855,29,17
405,O15230,7.55607477,0.0,0.13234385,1,18
406,O43143,7.55607477,0.0,0.13234385,1,18
407,O75592,7.55607477,0.0,0.13234385,1,18
408,O75691,7.55607477,0.0,0.13234385,1,18
409,O76096,7.55607477,0.0,0.13234385,1,18
410,P10619,7.55607477,0.0,0.13234385,1,18
411,P19878,7.41775701,0.00645049,0.13481164,2,18
412,P23284,7.21775701,0.00843154,0.1385472,3,16
413,P25774,7.55607477,0.0,0.13234385,1,18
414,P27816,7.55607477,0.0,0.13234385,1,18
415,P31994,7.55607477,0.0,0.13234385,1,18
416,P42694,7.32990654,0.00358063,0.13642739,2,16
417,P51665,7.55607477,0.0,0.13234385,1,18
418,P63244,6.64766355,0.01582631,0.15042879,2,16
419,Q13136,7.55607477,0.0,0.13234385,1,18
420,Q495Z4,7.55607477,0.0,0.13234385,1,18
421,Q4LE39,6.75420561,0.00777505,0.1480559,2,16
422,Q6ZS81,7.55607477,0.0,0.13234385,1,18
423,Q86XR8,7.55607477,0.0,0.13234385,1,18
424,Q8IY21,7.55607477,0.0,0.13234385,1,18
425,Q8TCU6,5.95607477,0.03606728,0.16789581,2,16
426,Q8WUX1,7.55607477,0.0,0.13234385,1,18
427,Q92611,7.55607477,0.0,0.13234385,1,18
428,Q96A61,7.55046729,0.00559699,0.13244213,2,18
429,Q99519,7.55607477,0.0,0.13234385,1,18
430,Q9H0R5,7.55607477,0.0,0.13234385,1,18
431,Q9NWS0,7.55607477,0.0,0.13234385,1,18
432,Q9Y5B0,7.55607477,0.0,0.13234385,1,18
433,Q5NF75,6.13084112,0.00554461,0.16310976,3,15
434,O00560,5.71682243,0.0502184,0.17492235,6,16
435,Q92997,7.12990654,0.0,0.14025429,1,16
436,Q5NF78,1.0,0.0,1.0,1,1
437,Q8TDG4,1.0,0.0,1.0,1,1
438,Q5NFA1,6.16448598,0.03120811,0.16221953,8,15
439,P61026,7.163551400000001,0.0,0.13959556,1,16
440,Q01831,5.72056075,0.04081578,0.17480804,3,14
441,Q99550,7.163551400000001,0.0,0.13959556,1,16
442,Q9HB63,6.74299065,0.00689491,0.14830215,2,15
443,Q5NFA4,1.0,0.0,1.0,1,1
444,Q6ICB0,1.0,0.0,1.0,1,1
445,Q5NFA9,7.42803738,0.0,0.13462506,1,17
446,Q5NFB0,6.70654206,0.03789269,0.14910814,7,16
447,O60678,7.70560748,0.0,0.12977562,1,17
448,P05062,7.04579439,0.01845295,0.14192864,3,17
449,P11940,6.20093458,0.03262566,0.16126601,3,17
450,P55199,7.70560748,0.0,0.12977562,1,17
451,Q14204,7.68691589,0.01853422,0.13009119,2,17
452,Q14573,6.66448598,0.01470181,0.15004908,2,15
453,Q5NFB1,7.66542056,0.00118345,0.13045599,2,18
454,Q13765,7.59158879,0.00117949,0.13172473,2,17
455,Q5NFB8,5.79252336,0.0,0.17263633,1,16
456,Q5NFC1,7.91028037,0.00186916,0.12641777,2,16
457,O94832,8.90934579,0.0,0.11224169,1,17
458,P01903,6.91308411,0.00560048,0.14465324,3,15
459,Q5NFC4,7.4317757,0.00341384,0.13455734,2,16
460,Q9NQB0,6.60841121,0.01229344,0.1513223,3,15
461,Q5NFC7,6.31775701,0.00560048,0.15828402,3,15
462,P63172,7.31495327,0.00186916,0.13670627,2,16
463,Q6IPW8,7.31682243,0.0,0.13667135,1,16
464,Q6PKC3,5.32429907,0.03702671,0.18781815,4,14
465,Q5NFD2,7.34766355,0.01538858,0.13609769,3,16
466,P16949,7.50186916,0.02900549,0.13330011,3,17
467,Q58EX2,8.34672897,0.0,0.11980741,1,17
468,Q5NFD3,14.61682243,0.00186916,0.06841432,2,24
469,P09651,13.61962617,0.00373482,0.07342345,2,23
470,Q9NRA8,15.61588785,0.0,0.06403735,1,25
471,Q5NFD5,1.0,1.0,1.0,2,1
472,P00352,1.5,0.0,0.66666667,1,2
473,P31949,1.5,0.0,0.66666667,1,2
474,Q5NFE2,11.31028037,0.0,0.08841514,1,22
475,Q5NFG5,5.70280374,0.00356606,0.17535234,2,16
476,Q15650,6.02149533,0.00292572,0.16607171,2,15
477,Q5NFJ2,11.9271028,0.02409974,0.08384266,6,21
478,P62330,12.92616822,0.0,0.07736245,1,22
479,Q5JXC2,12.92616822,0.0,0.07736245,1,22
480,Q7L576,12.92616822,0.0,0.07736245,1,22
481,Q99650,12.92616822,0.0,0.07736245,1,22
482,Q9H204,12.91121495,0.01485535,0.07745204,2,22
483,Q5NFJ3,8.38878505,0.00534238,0.11920677,3,18
484,P08174,8.10747664,0.0153736,0.12334294,3,18
485,Q01518,9.38785047,0.0,0.10652066,1,19
486,Q14CX7,7.95794393,0.00530479,0.1256606,2,17
487,Q5NFK4,1.0,1.0,1.0,2,1
488,O95793,1.5,0.0,0.66666667,1,2
489,Q9NX63,1.5,0.0,0.66666667,1,2
490,Q5NFK5,7.44859813,0.0,0.13425345,1,17
491,P31153,6.44953271,0.00932306,0.15504999,4,16
492,Q5NFK7,6.736448599999999,0.01464225,0.14844617,9,16
493,O60759,7.73551402,0.0,0.12927389,1,17
494,P06748,6.99158879,0.00301331,0.14302901,2,16
495,Q15019,7.73551402,0.0,0.12927389,1,17
496,Q7Z3K3,5.81401869,0.04327389,0.17199807,5,15
497,Q7Z6V5,7.73551402,0.0,0.12927389,1,17
498,Q8TCP9,7.73551402,0.0,0.12927389,1,17
499,Q93073,7.73551402,0.0,0.12927389,1,17
500,Q9BXM9,7.73551402,0.0,0.12927389,1,17
501,Q9UQE7,7.73551402,0.0,0.12927389,1,17
502,Q5NFL4,6.51962617,0.00527434,0.15338303,3,16
503,Q6JBY9,7.51869159,0.0,0.13300186,1,17
504,Q5NFM0,11.3046729,0.00560223,0.08845899,4,22
505,P35606,12.30373832,0.0,0.08127611,1,23
506,P68104,12.30373832,0.0,0.08127611,1,23
507,Q14258,12.30373832,0.0,0.08127611,1,23
508,Q5NFM9,8.51028037,0.0,0.11750494,1,18
509,Q96CN9,7.51121495,0.00373657,0.13313425,3,17
510,Q5NFN2,2.0,0.0,0.5,1,3
511,O14907,1.33333333,0.66666667,0.75,2,2
512,Q5NFN3,6.27850467,0.02341131,0.15927359,8,16
513,P49354,7.16915888,0.00741741,0.13948638,2,17
514,Q06481,7.27757009,0.0,0.13740850000000002,1,17
515,Q13123,7.27757009,0.0,0.13740850000000002,1,17
516,Q6UB99,6.30560748,0.007655100000000001,0.158589,2,17
517,Q96MW5,7.27757009,0.0,0.13740850000000002,1,17
518,Q5NFN4,6.20373832,0.03888289,0.16119313,13,14
519,O43264,7.20280374,0.0,0.13883483,1,15
520,P0C869,6.836448599999999,0.00824677,0.14627478,2,15
521,Q12802,5.87383178,0.01712473,0.17024662,2,14
522,Q15486,7.20280374,0.0,0.13883483,1,15
523,Q96KQ4,7.20280374,0.0,0.13883483,1,15
524,Q9BRG1,7.20280374,0.0,0.13883483,1,15
525,Q9GZV5,7.20280374,0.0,0.13883483,1,15
526,Q9H7Z7,7.20280374,0.0,0.13883483,1,15
527,Q9NQ94,7.20280374,0.0,0.13883483,1,15
528,Q5NFN7,10.17943925,0.00186916,0.09823724,2,18
529,P12956,11.17850467,0.0,0.08945739999999999,1,19
530,Q96PQ7,9.18224299,0.00373482,0.10890585,2,17
531,Q5NFP0,1.0,0.0,1.0,1,1
532,Q07890,1.0,0.0,1.0,1,1
533,Q5NFP5,1.0,0.0,1.0,1,1
534,Q9UJ70,1.0,0.0,1.0,1,1
535,Q5NFP9,7.0411215,0.04152194,0.14202283,15,16
536,O15397,8.04018692,0.0,0.12437522,1,17
537,O75528,8.04018692,0.0,0.12437522,1,17
538,O76095,8.04018692,0.0,0.12437522,1,17
539,P06213,8.04018692,0.0,0.12437522,1,17
540,Q10587,6.24953271,0.04984445,0.16001196,4,15
541,Q13952,8.04018692,0.0,0.12437522,1,17
542,Q16563,8.04018692,0.0,0.12437522,1,17
543,Q96SU4,8.04018692,0.0,0.12437522,1,17
544,Q9BS26,8.04018692,0.0,0.12437522,1,17
545,Q9H4F8,8.04018692,0.0,0.12437522,1,17
546,Q9NPI7,8.04018692,0.0,0.12437522,1,17
547,Q9UI33,8.04018692,0.0,0.12437522,1,17
548,Q5NFQ5,1.0,0.0,1.0,1,1
549,Q9UPU9,1.0,0.0,1.0,1,1
550,Q5NFQ6,7.19065421,0.013381,0.1390694,5,16
551,P36873,8.18971963,0.0,0.12210430000000001,1,17
552,Q58F05,8.18971963,0.0,0.12210430000000001,1,17
553,Q7L592,6.72242991,0.007568000000000001,0.14875573,2,15
554,Q96DM3,8.18224299,0.00745565,0.12221588,2,17
555,Q9Y5P4,6.71308411,0.00765681,0.14896283,2,17
556,Q5NFR1,6.83551402,0.0,0.14629478,1,16
557,Q5NFR6,8.072897200000002,0.0,0.12387127,1,17
558,P16144,7.07383178,0.00690729,0.1413661,4,16
559,Q5NFR9,5.88971963,0.03115721,0.16978737,12,14
560,O43896,6.88878505,0.0,0.14516348,1,15
561,O94901,6.88878505,0.0,0.14516348,1,15
562,P08670,6.88878505,0.0,0.14516348,1,15
563,Q13227,6.88878505,0.0,0.14516348,1,15
564,Q7Z7G0,6.88878505,0.0,0.14516348,1,15
565,Q92835,6.88878505,0.0,0.14516348,1,15
566,Q96CN7,6.88878505,0.0,0.14516348,1,15
567,Q9NYJ8,6.88878505,0.0,0.14516348,1,15
568,Q9UJY5,6.88878505,0.0,0.14516348,1,15
569,Q5NFS5,7.28785047,0.00385787,0.13721467,2,16
570,P35658,6.72242991,0.00486428,0.14875573,2,15
571,Q5NFT6,1.0,0.0,1.0,1,1
572,Q2NL98,1.0,0.0,1.0,1,1
573,Q5NFT7,8.095327099999999,0.0,0.12352805,1,18
574,P08133,7.09626168,0.00352572,0.14091927,3,17
575,Q5NFT9,1.5,0.0,0.66666667,1,2
576,Q5NFU8,1.0,1.0,1.0,3,1
577,Q5SXM2,1.66666667,0.0,0.6,1,2
578,Q9NTJ3,1.66666667,0.0,0.6,1,2
579,Q9NV31,1.66666667,0.0,0.6,1,2
580,Q5NFV6,5.90093458,0.04072984,0.16946468,8,13
581,P30626,6.9,0.0,0.14492754,1,14
582,P60842,6.9,0.0,0.14492754,1,14
583,Q13247,6.9,0.0,0.14492754,1,14
584,Q5VYM1,6.9,0.0,0.14492754,1,14
585,Q7Z6K1,6.9,0.0,0.14492754,1,14
586,Q8N0X2,6.9,0.0,0.14492754,1,14
587,Q5NFW7,8.15327103,0.010417200000000001,0.12265016,7,18
588,O43303,9.15233645,0.0,0.10926172,1,19
589,Q86V20,9.15233645,0.0,0.10926172,1,19
590,Q8WVM7,9.15233645,0.0,0.10926172,1,19
591,Q9H334,9.15233645,0.0,0.10926172,1,19
592,Q9NSC5,9.15233645,0.0,0.10926172,1,19
593,Q5NFX6,8.6728972,0.0,0.11530172,1,18
594,Q5T2W1,7.67383178,0.00615547,0.13031299,3,17
595,Q5NFX8,8.88971963,0.0,0.11248949,1,18
596,P20700,7.89065421,0.00560048,0.1267322,3,17
597,Q5NFY4,7.2953271,0.01711545,0.13707405,9,18
598,P02452,8.29439252,0.0,0.12056338,1,19
599,P08579,8.09626168,0.00192971,0.12351379,2,19
600,Q6ZS30,6.38037383,0.01786418,0.15673063,2,17
601,Q70SY1,8.29439252,0.0,0.12056338,1,19
602,Q8NI27,8.29439252,0.0,0.12056338,1,19
603,Q9C0B5,8.24579439,0.00197186,0.12127394,2,19
604,Q9H9B1,8.29439252,0.0,0.12056338,1,19
605,Q9Y6A1,8.29439252,0.0,0.12056338,1,19
606,Q9Y6G1,8.29439252,0.0,0.12056338,1,19
607,Q5NFY5,9.095327099999999,0.01118873,0.10994657,7,19
608,O95989,10.09439252,0.0,0.09906489999999998,1,20
609,P31943,10.09439252,0.0,0.09906489999999998,1,20
610,Q7Z3D6,10.09439252,0.0,0.09906489999999998,1,20
611,Q96QB1,10.09439252,0.0,0.09906489999999998,1,20
612,Q9P013,10.09439252,0.0,0.09906489999999998,1,20
613,Q9UGT4,10.09439252,0.0,0.09906489999999998,1,20
614,Q5NFY6,1.0,1.0,1.0,3,1
615,P04075,1.66666667,0.0,0.6,1,2
616,P12235,1.66666667,0.0,0.6,1,2
617,Q5T6F0,1.66666667,0.0,0.6,1,2
618,Q5NFY7,1.0,1.0,1.0,2,1
619,A0JNV7,1.5,0.0,0.66666667,1,2
620,Q16799,1.5,0.0,0.66666667,1,2
621,Q5NFZ2,7.19252336,0.00373657,0.13903326,3,16
622,P69905,6.19719626,0.00559699,0.16136329,2,15
623,Q8WWW0,8.19158879,0.0,0.12207644,1,17
624,Q9BZ72,8.19158879,0.0,0.12207644,1,17
625,Q5NFZ8,2.0,0.0,0.5,1,3
626,Q9H2W1,1.33333333,0.66666667,0.75,2,2
627,Q5NG02,7.05233645,0.0,0.14179698,1,16
628,O60861,6.05327103,0.00186916,0.16519994,2,15
629,Q5NG10,6.86542056,0.0,0.1456575,1,16
630,Q5NG24,1.0,1.0,1.0,3,1
631,O14770,1.66666667,0.0,0.6,1,2
632,Q9NPE2,1.66666667,0.0,0.6,1,2
633,Q9ULL5,1.66666667,0.0,0.6,1,2
634,Q5NG28,7.18878505,0.00560223,0.13910556,4,16
635,P16671,8.18785047,0.0,0.12213218,1,17
636,P52566,6.195327099999999,0.00745565,0.16141198,2,15
637,Q13106,8.18785047,0.0,0.12213218,1,17
638,Q6UX06,8.18785047,0.0,0.12213218,1,17
639,Q5NG37,8.34392523,0.00560223,0.11984767,4,18
640,Q6PHZ7,9.34299065,0.0,0.10703211,1,19
641,Q96DX5,9.34299065,0.0,0.10703211,1,19
642,Q96SE7,9.34299065,0.0,0.10703211,1,19
643,Q9NY15,7.35046729,0.01303563,0.13604577,3,17
644,Q5NG39,1.0,0.0,1.0,1,1
645,Q9H7P9,1.0,0.0,1.0,1,1
646,Q5NG44,7.41869159,0.00161156,0.13479466,2,18
647,Q5NG53,6.32336449,0.00774277,0.15814366,4,16
648,Q86TG1,7.32242991,0.0,0.13656669,1,17
649,Q9BTL4,7.32242991,0.0,0.13656669,1,17
650,Q5NG68,1.0,1.0,1.0,2,1
651,P19447,1.5,0.0,0.66666667,1,2
652,Q9H582,1.5,0.0,0.66666667,1,2
653,Q5NG84,1.0,0.0,1.0,1,1
654,O75521,1.0,0.0,1.0,1,1
655,Q5NG89,7.25981308,0.0,0.13774459,1,16
656,Q5NG92,7.77383178,0.0,0.12863669,1,16
657,P29474,6.77476636,0.00186916,0.14760657,2,15
658,Q5NG93,6.33457944,0.02103479,0.15786368,5,15
659,P01877,5.4588785,0.06945889999999999,0.18318781,5,14
660,P11836,7.33364486,0.0,0.13635784,1,16
661,P50542,7.32990654,0.00373482,0.13642739,2,16
662,Q5NG97,7.89906542,0.00186916,0.12659726,2,16
663,P07355,8.89813084,0.0,0.11238315,1,17
664,Q5NGA0,8.47850467,0.02225156,0.11794533,5,18
665,Q04900,9.47757009,0.0,0.10551228,1,19
666,Q92482,9.47757009,0.0,0.10551228,1,19
667,Q96KG9,9.46261682,0.01485535,0.10567901,2,19
668,Q9NUL3,9.47757009,0.0,0.10551228,1,19
669,Q5NGB2,5.79252336,0.0,0.17263633,1,16
670,Q5NGB9,5.97757009,0.01318924,0.16729206,4,15
671,P42226,6.51308411,0.00681856,0.15353709,2,16
672,Q9NRA0,6.97663551,0.0,0.14333557,1,16
673,Q5NGC3,5.50841121,0.01750843,0.18154055,3,15
674,O00182,6.50747664,0.0,0.15366939999999998,1,16
675,Q5NGC7,13.89719626,0.01304564,0.07195696,7,23
676,P0DMV8,14.89439252,0.00186916,0.06713936,2,24
677,P35914,14.89626168,0.0,0.06713094,1,24
678,P53671,14.89626168,0.0,0.06713094,1,24
679,Q6FI13,14.89626168,0.0,0.06713094,1,24
680,Q6PJW8,14.89626168,0.0,0.06713094,1,24
681,Q92547,14.89626168,0.0,0.06713094,1,24
682,Q5NGC9,1.0,1.0,1.0,2,1
683,O95319,1.5,0.0,0.66666667,1,2
684,P35680,1.5,0.0,0.66666667,1,2
685,Q5NGD0,7.25046729,0.00047672,0.13792214,2,15
686,P32121,6.75607477,0.00144505,0.14801494,2,15
687,Q8N1N5,7.15607477,0.00090957,0.13974141,2,16
688,Q5NGE6,5.50841121,0.05316945,0.18154055,11,16
689,O43815,6.50747664,0.0,0.15366939999999998,1,17
690,O60318,6.3635514,0.01092384,0.15714496,2,17
691,Q15643,6.50747664,0.0,0.15366939999999998,1,17
692,Q49A26,6.50747664,0.0,0.15366939999999998,1,17
693,Q86WN1,6.50747664,0.0,0.15366939999999998,1,17
694,Q92922,6.50747664,0.0,0.15366939999999998,1,17
695,Q9NQZ2,6.50747664,0.0,0.15366939999999998,1,17
696,Q5NGF1,5.91962617,0.08250252,0.16892959,19,14
697,A5YKK6,6.91869159,0.0,0.144536,1,15
698,O95236,6.91869159,0.0,0.144536,1,15
699,P11171,6.91869159,0.0,0.144536,1,15
700,Q13287,6.91869159,0.0,0.144536,1,15
701,Q52LW3,6.91495327,0.00020433,0.14461414,2,15
702,Q5JRA6,6.91869159,0.0,0.144536,1,15
703,Q6ZS17,6.91869159,0.0,0.144536,1,15
704,Q8N187,6.91869159,0.0,0.144536,1,15
705,Q92841,6.91869159,0.0,0.144536,1,15
706,Q96DC8,6.91869159,0.0,0.144536,1,15
707,Q9BX97,6.836448599999999,0.00429802,0.14627478,2,15
708,Q9H1I8,6.91869159,0.0,0.144536,1,15
709,Q9UHV9,6.91869159,0.0,0.144536,1,15
710,Q5NGF2,6.8411215,0.00539729,0.14617486,4,16
711,P84103,7.84018692,0.0,0.12754798,1,17
712,Q9H0D6,7.84018692,0.0,0.12754798,1,17
713,Q5NGF3,1.0,0.0,1.0,1,1
714,Q15717,1.0,0.0,1.0,1,1
715,Q5NGF6,8.88785047,0.00186916,0.11251314,2,18
716,P40305,9.88691589,0.0,0.10114378,1,19
717,Q5NGF8,1.0,0.0,1.0,1,1
718,Q9P2F8,1.0,0.0,1.0,1,1
719,Q5NGF9,5.05607477,0.15673063,0.19778189,21,14
720,A2RU30,6.05514019,0.0,0.16514894,1,15
721,O60333,6.05514019,0.0,0.16514894,1,15
722,P39656,6.05514019,0.0,0.16514894,1,15
723,P53367,6.05514019,0.0,0.16514894,1,15
724,Q14444,6.05514019,0.0,0.16514894,1,15
725,Q8N0Z3,6.05514019,0.0,0.16514894,1,15
726,Q8WXW3,5.91869159,0.03756449,0.16895626,3,15
727,Q92878,6.05514019,0.0,0.16514894,1,15
728,Q9BZR9,6.05514019,0.0,0.16514894,1,15
729,Q9C099,6.05514019,0.0,0.16514894,1,15
730,Q9GZM7,5.89626168,0.03271614,0.16959899,4,15
731,Q9ULM0,6.05514019,0.0,0.16514894,1,15
732,Q9UP83,6.05514019,0.0,0.16514894,1,15
733,Q5NGG6,8.12897196,0.0,0.12301679,1,18
734,Q5NGI2,8.74018692,0.00932656,0.11441403,5,19
735,Q15012,9.73925234,0.0,0.10267729,1,20
736,Q9C0J8,9.73925234,0.0,0.10267729,1,20
737,Q9Y286,9.73925234,0.0,0.10267729,1,20
738,Q9Y6Q9,9.73738318,0.00186916,0.102697,2,20
739,Q5NGK2,7.17757009,0.0,0.13932292,1,15
740,Q5NGL8,8.66915888,0.01671053,0.11535144,3,18
741,Q8IYT3,9.6682243,0.0,0.10343161,1,19
742,Q9UPN4,9.65514019,0.01301067,0.10357177,2,19
743,Q5NGL9,8.53271028,0.00140748,0.11719606,2,18
744,Q96JQ0,8.18037383,0.00221729,0.12224380000000001,2,17
745,Q5NGM1,1.0,0.0,1.0,1,1
746,P09211,1.0,0.0,1.0,1,1
747,Q5NGM5,9.1046729,0.00186916,0.10983371,2,19
748,P79522,8.10747664,0.00373482,0.12334294,2,18
749,Q584P1,10.10373832,0.0,0.09897327,1,20
750,Q5NGM6,6.863551400000001,0.00560223,0.14569717,4,16
751,O60869,7.86261682,0.0,0.12718412,1,17
752,O75071,7.86261682,0.0,0.12718412,1,17
753,Q9H6A9,7.86261682,0.0,0.12718412,1,17
754,Q5NGM7,7.46915888,0.0,0.13388388,1,17
755,Q5NGM8,15.89345794,0.0,0.06291897,1,25
756,Q5NGN2,8.21308411,0.00373657,0.12175694,3,17
757,Q13617,9.21214953,0.0,0.10855230000000002,1,18
758,Q14240,9.21214953,0.0,0.10855230000000002,1,18
759,Q5NGN4,1.0,0.0,1.0,1,1
760,P17947,1.0,0.0,1.0,1,1
761,Q5NGN5,8.51028037,0.0,0.11750494,1,18
762,Q5NGP3,1.0,0.0,1.0,1,1
763,P49585,1.0,0.0,1.0,1,1
764,Q5NGP5,1.0,0.0,1.0,1,1
765,O60664,1.0,0.0,1.0,1,1
766,Q5NGQ8,7.08971963,0.00638946,0.1410493,3,16
767,Q96Q89,8.08878505,0.0,0.12362796,1,17
768,Q5NGR3,7.11214953,0.01489732,0.14060447,6,17
769,P04632,8.10934579,0.00186916,0.12331451,2,18
770,P05204,8.11121495,0.0,0.12328609,1,18
771,Q02410,8.11121495,0.0,0.12328609,1,18
772,Q7Z2F6,6.12803738,0.02602838,0.16318438,3,16
773,Q86WZ6,8.11121495,0.0,0.12328609,1,18
774,Q5NGR8,1.33333333,0.66666667,0.75,2,2
775,Q96SB3,2.0,0.0,0.5,1,3
776,Q5NGT6,7.38504673,0.01430572,0.13540876,2,17
777,Q5NGT9,1.0,1.0,1.0,2,1
778,Q96BY9,1.5,0.0,0.66666667,1,2
779,Q9Y5Q9,1.5,0.0,0.66666667,1,2
780,Q5NGU1,1.0,0.0,1.0,1,1
781,Q13492,1.0,0.0,1.0,1,1
782,Q5NGV3,7.48224299,0.03540494,0.13364976,12,18
783,A8K9Y5,8.48130841,0.0,0.11790634,1,19
784,O00459,8.48130841,0.0,0.11790634,1,19
785,O00584,8.48130841,0.0,0.11790634,1,19
786,P01909,8.48130841,0.0,0.11790634,1,19
787,P22061,8.48130841,0.0,0.11790634,1,19
788,P27448,8.47196262,0.00931082,0.1180364,2,19
789,P52701,8.48130841,0.0,0.11790634,1,19
790,Q12899,6.5953270999999996,0.03479079,0.1516225,2,17
791,Q99685,8.48130841,0.0,0.11790634,1,19
792,Q9BTT0,8.48130841,0.0,0.11790634,1,19
793,Q9UQM3,8.48130841,0.0,0.11790634,1,19
794,Q5NGV7,5.77757009,0.08665009,0.17308314,23,14
795,A8K7A4,6.77663551,0.0,0.14756585,1,15
796,O00186,6.77663551,0.0,0.14756585,1,15
797,O60315,6.77663551,0.0,0.14756585,1,15
798,O94875,6.77663551,0.0,0.14756585,1,15
799,O94973,5.81962617,0.02273116,0.17183234,2,15
800,P01137,6.77663551,0.0,0.14756585,1,15
801,P35579,6.77663551,0.0,0.14756585,1,15
802,Q15154,6.77663551,0.0,0.14756585,1,15
803,Q8WX93,6.77663551,0.0,0.14756585,1,15
804,Q92918,6.77663551,0.0,0.14756585,1,15
805,Q96BY2,6.77102804,0.00559699,0.14768806,2,15
806,Q9BTE6,6.77663551,0.0,0.14756585,1,15
807,Q9NPC6,6.75046729,0.0057757,0.14813789,2,15
808,Q9UBK5,6.77663551,0.0,0.14756585,1,15
809,Q9Y228,6.77663551,0.0,0.14756585,1,15
810,Q5NGV8,1.0,0.0,1.0,1,1
811,Q9BZL4,1.0,0.0,1.0,1,1
812,Q5NGW2,5.74392523,0.05768095,0.17409697,19,14
813,A8K8P3,6.74299065,0.0,0.14830215,1,15
814,O95859,6.74299065,0.0,0.14830215,1,15
815,P15941,6.74299065,0.0,0.14830215,1,15
816,P41222,6.74299065,0.0,0.14830215,1,15
817,P48960,6.74299065,0.0,0.14830215,1,15
818,P84243,6.34672897,0.00539316,0.15756148,2,15
819,Q10567,6.50747664,0.00287492,0.15366939999999998,2,15
820,Q15477,6.74299065,0.0,0.14830215,1,15
821,Q15989,6.74299065,0.0,0.14830215,1,15
822,Q6FI81,6.42336449,0.0086797,0.15568165,2,15
823,Q6ZQS4,6.74299065,0.0,0.14830215,1,15
824,Q8N1F8,6.74299065,0.0,0.14830215,1,15
825,Q9BTA9,6.74299065,0.0,0.14830215,1,15
826,Q9GZT5,6.74299065,0.0,0.14830215,1,15
827,Q9H871,6.73925234,0.00373482,0.14838441,2,15
828,Q5NGW4,1.0,1.0,1.0,5,1
829,O94887,1.8,0.0,0.55555556,1,2
830,P07737,1.8,0.0,0.55555556,1,2
831,Q6UN15,1.8,0.0,0.55555556,1,2
832,Q8IVT5,1.8,0.0,0.55555556,1,2
833,Q8NC42,1.8,0.0,0.55555556,1,2
834,Q5NGW8,1.0,1.0,1.0,3,1
835,O60667,1.66666667,0.0,0.6,1,2
836,O60711,1.66666667,0.0,0.6,1,2
837,P25788,1.66666667,0.0,0.6,1,2
838,Q5NGX6,1.0,0.0,1.0,1,1
839,O15304,1.0,0.0,1.0,1,1
840,Q5NGX7,7.32523364,0.00655643,0.13651442,5,16
841,A0JLQ5,8.32429907,0.0,0.12013023,1,17
842,Q13490,8.32429907,0.0,0.12013023,1,17
843,Q30201,8.32429907,0.0,0.12013023,1,17
844,Q5NGY1,7.42056075,0.0,0.13476071,1,18
845,Q14699,6.42149533,0.00186916,0.15572697,2,17
846,Q5NGY2,6.19252336,0.01021506,0.16148506,3,15
847,O00422,7.19158879,0.0,0.13905133,1,16
848,Q5NGY9,1.0,0.0,1.0,1,1
849,Q99418,1.0,0.0,1.0,1,1
850,Q5NGZ2,12.42990654,0.00746614,0.08045113,5,22
851,P08621,11.43831776,0.00931082,0.08742544,2,21
852,P51815,13.42897196,0.0,0.07446586,1,23
853,Q14442,13.42897196,0.0,0.07446586,1,23
854,Q6ZTN6,13.42897196,0.0,0.07446586,1,23
855,Q9UNF1,13.42897196,0.0,0.07446586,1,23
856,Q5NGZ3,1.0,0.0,1.0,1,1
857,P21333,1.0,0.0,1.0,1,1
858,Q5NGZ7,1.0,1.0,1.0,2,1
859,P41091,1.5,0.0,0.66666667,1,2
860,Q13435,1.5,0.0,0.66666667,1,2
861,Q5NH02,6.727102799999999,0.0049342,0.1486524,3,16
862,Q9NWB6,7.72616822,0.0,0.12943026,1,17
863,Q5NH03,1.0,0.0,1.0,1,1
864,Q6ZSS4,1.0,0.0,1.0,1,1
865,Q5NH18,6.7046729,0.00783563,0.14914971,2,16
866,Q5NH21,11.45233645,0.00373657,0.08731843,3,22
867,O95976,12.45140187,0.0,0.08031224,1,23
868,Q14554,10.45700935,0.00559699,0.09562964,2,21
869,Q9BZJ4,12.45140187,0.0,0.08031224,1,23
870,Q5NH25,6.17757009,0.00263973,0.16187595,3,14
871,P07237,7.17663551,0.0,0.13934106,1,15
872,Q5NH29,1.0,0.0,1.0,1,1
873,Q9ULS5,1.0,0.0,1.0,1,1
874,Q5NH32,6.83551402,0.00958401,0.14629478,6,16
875,O43294,7.83457944,0.0,0.12763927,1,17
876,P15153,7.83457944,0.0,0.12763927,1,17
877,Q9NRM2,7.83457944,0.0,0.12763927,1,17
878,Q9NV70,7.83457944,0.0,0.12763927,1,17
879,Q5NH37,1.125,0.96428571,0.88888889,7,2
880,P01100,2.0,0.0,0.5,1,3
881,P0C1Z6,2.0,0.0,0.5,1,3
882,P53539,2.0,0.0,0.5,1,3
883,Q52M93,2.0,0.0,0.5,1,3
884,Q5VST9,2.0,0.0,0.5,1,3
885,Q8IUX7,2.0,0.0,0.5,1,3
886,Q9UII2,1.75,0.25,0.57142857,2,2
887,Q5NH38,5.42429907,0.07576805,0.18435562,8,16
888,O43189,6.19158879,0.01277404,0.16150943,2,17
889,Q2M1Z3,6.42336449,0.0,0.15568165,1,17
890,Q6NVV7,6.42336449,0.0,0.15568165,1,17
891,Q5NH40,1.0,0.0,1.0,1,1
892,Q4VBZ9,1.0,0.0,1.0,1,1
893,Q5NH42,5.79252336,0.0,0.17263633,1,16
894,Q5NH45,7.00934579,0.0424804,0.14266667,9,16
895,O14595,8.00841121,0.0,0.12486871,1,17
896,Q15810,8.00841121,0.0,0.12486871,1,17
897,Q5EBL4,8.00841121,0.0,0.12486871,1,17
898,Q5T200,8.00841121,0.0,0.12486871,1,17
899,Q9HC24,8.00841121,0.0,0.12486871,1,17
900,Q9Y605,6.3,0.03656051,0.15873016,2,15
901,Q5NH47,8.072897200000002,0.0,0.12387127,1,17
902,Q5NH48,7.19065421,0.00186916,0.1390694,2,17
903,Q5W0Q7,8.18971963,0.0,0.12210430000000001,1,18
904,Q5NH50,2.625,0.0,0.38095238,1,3
905,Q5NH53,1.0,0.0,1.0,1,1
906,Q15038,1.0,0.0,1.0,1,1
907,Q5NH61,1.5,0.0,0.66666667,1,2
908,Q5NH62,7.91214953,0.0,0.1263879,1,16
909,Q5NH68,7.44859813,0.0,0.13425345,1,17
910,Q5NH70,8.18691589,0.00559699,0.12214612,2,16
911,Q5NH71,1.0,0.0,1.0,1,1
912,P01857,1.0,0.0,1.0,1,1
913,Q5NH75,6.86168224,0.00186916,0.14573686,2,16
914,Q15544,7.86074766,0.0,0.12721436,1,17
915,Q5NH85,8.85046729,0.0,0.11298838,1,17
916,Q09666,7.85140187,0.00186916,0.12736579,2,16
917,Q5NH91,6.22242991,0.01662543,0.16070892,4,15
918,P48551,7.22149533,0.0,0.13847548,1,16
919,Q14192,6.9411214999999995,0.01493077,0.14406894,3,16
920,Q5NH94,6.45607477,0.00186916,0.15489288,2,15
921,Q01892,7.45514019,0.0,0.13413564,1,16
922,Q5NH95,10.44299065,0.0,0.09575801,1,20
923,Q12772,9.44392523,0.00186916,0.10588817,2,19
924,Q5NH99,7.25794393,0.00186916,0.13778007,2,16
925,Q14161,8.25700935,0.0,0.12110922,1,17
926,Q5NHB4,1.0,0.0,1.0,1,1
927,Q9NZM4,1.0,0.0,1.0,1,1
928,Q5NHB5,1.0,0.0,1.0,1,1
929,Q9Y4I1,1.0,0.0,1.0,1,1
930,Q5NHC6,1.0,1.0,1.0,2,1
931,Q99653,1.5,0.0,0.66666667,1,2
932,Q9Y5P3,1.5,0.0,0.66666667,1,2
933,Q5NHC9,1.0,0.0,1.0,1,1
934,Q9NVK5,1.0,0.0,1.0,1,1
935,Q5NHD1,8.03551402,0.00932831,0.12444755,6,18
936,O94826,9.03457944,0.0,0.11068584,1,19
937,Q8NF50,9.03457944,0.0,0.11068584,1,19
938,Q96KR1,9.03457944,0.0,0.11068584,1,19
939,Q96MT8,9.03457944,0.0,0.11068584,1,19
940,Q9H5I1,9.03457944,0.0,0.11068584,1,19
941,Q5NHD8,1.33333333,0.66666667,0.75,2,2
942,Q5HYD9,2.0,0.0,0.5,1,3
943,Q5NHD9,7.70280374,0.0,0.12982286,1,17
944,Q5NHE7,6.82242991,0.00628726,0.14657534,4,16
945,O43464,7.81962617,0.00186916,0.12788335,2,17
946,P23588,7.82149533,0.0,0.12785279,1,17
947,Q15853,7.42336449,0.00032998,0.13470981,2,17
948,Q5NHE8,6.85420561,0.0,0.14589583,1,16
949,Q5NHF0,8.38878505,0.0,0.11920677,1,18
950,Q5NHF1,1.0,1.0,1.0,2,1
951,P55011,1.5,0.0,0.66666667,1,2
952,Q9Y2A7,1.5,0.0,0.66666667,1,2
953,Q5NHF2,8.27476636,0.0,0.12084933,1,18
954,Q5NHG8,1.0,0.0,1.0,1,1
955,Q76G19,1.0,0.0,1.0,1,1
956,Q5NHH0,12.62429907,0.0074608999999999995,0.07921232,3,22
957,O60502,13.62336449,0.0,0.07340331,1,23
958,Q12866,11.63271028,0.00931082,0.08596449,2,21
959,Q5NHH1,1.0,0.0,1.0,1,1
960,Q9Y2X7,1.0,0.0,1.0,1,1
961,Q5NHH2,6.94579439,0.00560223,0.14397201,4,16
962,P42785,7.94485981,0.0,0.12586754,1,17
963,Q15363,7.94485981,0.0,0.12586754,1,17
964,Q96GC9,7.94485981,0.0,0.12586754,1,17
965,Q5NHH6,7.14392523,0.0,0.13997907,1,17
966,Q5NHI6,8.81869159,0.0,0.11339551,1,18
967,Q5NHI7,1.0,1.0,1.0,3,1
968,A0M8X1,1.66666667,0.0,0.6,1,2
969,O75143,1.66666667,0.0,0.6,1,2
970,Q8WW39,1.66666667,0.0,0.6,1,2
971,Q5NHI8,6.21308411,0.01042252,0.16095066,4,15
972,Q15942,6.84392523,0.00500032,0.14611498,2,16
973,Q9UIQ6,7.21214953,0.0,0.13865492,1,16
974,Q5NHK6,9.463551400000002,0.00745565,0.10566858,2,20
975,Q5NHL4,10.64299065,0.0111625,0.09395855,2,20
976,Q5NHL7,7.19439252,0.007497199999999999,0.13899714,5,17
977,O43242,6.61401869,0.00673436,0.15119401,2,16
978,O43390,8.19345794,0.0,0.12204859,1,18
979,P56962,8.19345794,0.0,0.12204859,1,18
980,Q70EL1,8.19345794,0.0,0.12204859,1,18
981,Q5NHL8,1.0,0.0,1.0,1,1
982,Q59EC8,1.0,0.0,1.0,1,1
983,Q5NHM0,1.0,1.0,1.0,2,1
984,O94880,1.5,0.0,0.66666667,1,2
985,Q8TAB5,1.5,0.0,0.66666667,1,2
986,Q5NHM9,6.01308411,0.01404566,0.16630401,3,14
987,P81877,7.01214953,0.0,0.14260962,1,15
988,Q5NHN0,1.0,1.0,1.0,2,1
989,Q7Z6J2,1.5,0.0,0.66666667,1,2
990,Q9H3E2,1.5,0.0,0.66666667,1,2
991,Q5NHN4,8.04299065,0.04337543,0.12433186,8,17
992,A7E2V4,9.04205607,0.0,0.11059432,1,18
993,Q86U42,9.04205607,0.0,0.11059432,1,18
994,Q9GZR1,9.04205607,0.0,0.11059432,1,18
995,Q9NZ45,9.04205607,0.0,0.11059432,1,18
996,Q9ULH0,9.04205607,0.0,0.11059432,1,18
997,Q5NHN5,1.0,0.0,1.0,1,1
998,P15144,1.0,0.0,1.0,1,1
999,Q5NHN6,1.0,0.0,1.0,1,1
1000,Q96I25,1.0,0.0,1.0,1,1
1001,Q5NHN7,1.0,1.0,1.0,3,1
1002,O75122,1.66666667,0.0,0.6,1,2
1003,Q02978,1.66666667,0.0,0.6,1,2
1004,Q8IWT0,1.66666667,0.0,0.6,1,2
1005,Q5NHN8,8.54579439,0.00373657,0.11701662,3,19
1006,A8K2F4,9.54485981,0.0,0.10476843,1,20
1007,O94986,9.54485981,0.0,0.10476843,1,20
1008,Q5NHP0,10.44859813,0.01302117,0.09570662,3,20
1009,Q96J02,11.44766355,0.0,0.08735407,1,21
1010,Q5NHP5,6.6317756999999995,0.01275669,0.15078918,6,17
1011,Q02297,7.63084112,0.0,0.13104715,1,18
1012,Q76FK4,7.63084112,0.0,0.13104715,1,18
1013,Q8IUX1,7.63084112,0.0,0.13104715,1,18
1014,Q9NZE8,7.63084112,0.0,0.13104715,1,18
1015,Q5NHP7,1.0,0.0,1.0,1,1
1016,P05109,1.0,0.0,1.0,1,1
1017,Q5NHQ1,1.0,0.0,1.0,1,1
1018,Q99828,1.0,0.0,1.0,1,1
1019,Q5NHQ9,7.52149533,0.00304226,0.13295229,2,16
1020,Q5NHR0,1.0,1.0,1.0,3,1
1021,Q86YB8,1.66666667,0.0,0.6,1,2
1022,Q8IWA4,1.66666667,0.0,0.6,1,2
1023,Q9NR56,1.66666667,0.0,0.6,1,2
1024,Q5NHR1,7.44485981,0.00373482,0.13432086,2,17
1025,Q5NHR7,7.46728972,0.00186916,0.1339174,2,17
1026,Q96AE4,8.46635514,0.0,0.11811458,1,18
1027,Q5NHS1,8.27663551,0.0,0.12082204,1,18
1028,Q8IUH3,7.27757009,0.00186916,0.13740850000000002,2,17
1029,Q5NHS3,7.25981308,0.0,0.13774459,1,16
1030,Q5NHS4,8.08971963,0.01146128,0.12361368,7,18
1031,O00481,9.08878505,0.0,0.11002571,1,19
1032,P11279,9.08878505,0.0,0.11002571,1,19
1033,P49589,7.21962617,0.01695963,0.13851133,3,17
1034,P50995,9.08878505,0.0,0.11002571,1,19
1035,Q7LBR1,9.08878505,0.0,0.11002571,1,19
1036,Q9Y4F9,9.08878505,0.0,0.11002571,1,19
1037,Q5NHS6,8.94205607,0.0,0.11183110000000002,1,18
1038,Q5NHT8,5.936448599999999,0.00896853,0.16845088,2,15
1039,Q5NHX0,5.9588785,0.05568767,0.16781681,15,15
1040,O15015,6.95794393,0.0,0.14372062,1,16
1041,O43396,6.95794393,0.0,0.14372062,1,16
1042,P09486,6.95794393,0.0,0.14372062,1,16
1043,P13747,6.62149533,0.01410744,0.15102329,3,16
1044,P40337,6.95794393,0.0,0.14372062,1,16
1045,P47755,6.95794393,0.0,0.14372062,1,16
1046,Q6KC79,6.95794393,0.0,0.14372062,1,16
1047,Q76L83,6.95794393,0.0,0.14372062,1,16
1048,Q96Q15,6.95794393,0.0,0.14372062,1,16
1049,Q96RW7,6.95794393,0.0,0.14372062,1,16
1050,Q9NYB0,6.95794393,0.0,0.14372062,1,16
1051,Q5NHX3,10.7364486,0.0,0.09314067,1,21
1052,Q5NHX5,5.77383178,0.02644125,0.17319521,5,14
1053,P40939,6.772897200000001,0.0,0.1476473,1,15
1054,P78317,6.772897200000001,0.0,0.1476473,1,15
1055,Q5NHX8,1.0,0.0,1.0,1,1
1056,P36543,1.0,0.0,1.0,1,1
1057,Q5NHX9,7.00186916,0.01299744,0.14281901,4,18
1058,Q15326,8.00093458,0.0,0.12498540000000001,1,19
1059,Q96RL6,8.00093458,0.0,0.12498540000000001,1,19
1060,Q5NHY6,5.86728972,0.04337408,0.17043644,10,15
1061,O43709,6.86635514,0.0,0.14563768,1,16
1062,O60762,6.86635514,0.0,0.14563768,1,16
1063,O75874,6.86635514,0.0,0.14563768,1,16
1064,P08123,6.86635514,0.0,0.14563768,1,16
1065,Q7L945,6.86635514,0.0,0.14563768,1,16
1066,Q9UHX1,6.86635514,0.0,0.14563768,1,16
1067,Q5NHY7,2.25,0.0,0.44444444,1,3
1068,Q99598,1.5,0.5,0.66666667,2,2
1069,Q5NHY8,1.0,0.0,1.0,1,1
1070,Q8N1N0,1.0,0.0,1.0,1,1
1071,Q5NHZ0,6.43738318,0.02668455,0.15534262,6,16
1072,O94915,7.436448599999999,0.0,0.13447279,1,17
1073,Q14008,7.436448599999999,0.0,0.13447279,1,17
1074,Q5NHZ4,7.93084112,0.00932831,0.12609003,6,17
1075,P54253,8.92990654,0.0,0.11198325,1,18
1076,Q14511,8.92990654,0.0,0.11198325,1,18
1077,Q8TEG0,8.92990654,0.0,0.11198325,1,18
1078,Q92823,8.92990654,0.0,0.11198325,1,18
1079,Q9NRZ7,8.92990654,0.0,0.11198325,1,18
1080,Q5NHZ8,1.0,0.0,1.0,1,1
1081,Q92766,1.0,0.0,1.0,1,1
1082,Q5NI02,8.99626168,0.00373657,0.11115728,3,18
1083,P08575,9.995327099999999,0.0,0.10004675,1,19
1084,Q9BT92,9.995327099999999,0.0,0.10004675,1,19
1085,Q5NI22,7.64859813,0.01097167,0.13074291,3,18
1086,Q5NI24,7.736448599999999,0.00186916,0.12925827,2,16
1087,P29992,8.73551402,0.0,0.11447523,1,17
1088,Q5NI31,1.0,0.0,1.0,1,1
1089,Q9H2P0,1.0,0.0,1.0,1,1
1090,Q5NI33,6.23738318,0.026355,0.16032364,9,16
1091,A6NC98,7.236448599999999,0.0,0.13818933,1,17
1092,P17706,7.236448599999999,0.0,0.13818933,1,17
1093,P30260,7.236448599999999,0.0,0.13818933,1,17
1094,Q05CW4,7.236448599999999,0.0,0.13818933,1,17
1095,Q562E5,6.28878505,0.00636136,0.15901323,2,16
1096,Q9H330,7.236448599999999,0.0,0.13818933,1,17
1097,Q9P1Z2,7.236448599999999,0.0,0.13818933,1,17
1098,Q5NI35,7.61869159,0.00186916,0.13125613,2,17
1099,Q9UNA0,8.61775701,0.0,0.11603948,1,18
1100,Q5NI40,6.16635514,0.0261545,0.16217035,9,15
1101,O75427,7.16542056,0.0,0.13955915,1,16
1102,P35611,7.16542056,0.0,0.13955915,1,16
1103,P51790,7.16542056,0.0,0.13955915,1,16
1104,Q14393,7.16542056,0.0,0.13955915,1,16
1105,Q5VV17,7.16542056,0.0,0.13955915,1,16
1106,Q9ULJ1,7.16542056,0.0,0.13955915,1,16
1107,Q5NI56,8.327102799999999,0.00186916,0.12008979,2,17
1108,O43765,9.32616822,0.0,0.10722517,1,18
1109,Q5NI65,7.18878505,0.0,0.13910556,1,16
1110,Q5NI66,5.872897200000001,0.01875473,0.17027371,8,15
1111,O15355,6.87196262,0.0,0.14551884,1,16
1112,O94851,6.87196262,0.0,0.14551884,1,16
1113,P57764,6.87196262,0.0,0.14551884,1,16
1114,Q59H65,6.87196262,0.0,0.14551884,1,16
1115,Q86XS8,5.72242991,0.008728,0.17475094,2,16
1116,Q5NI67,7.44859813,0.00373657,0.13425345,3,17
1117,Q96CP6,8.44766355,0.0,0.11837593,1,18
1118,Q99622,8.44766355,0.0,0.11837593,1,18
1119,Q9Y6X2,6.45327103,0.00559699,0.15496017,2,16
1120,Q5NI74,6.74018692,0.02134563,0.14836384,8,16
1121,P06733,7.73925234,0.0,0.12921145,1,17
1122,P31040,7.73925234,0.0,0.12921145,1,17
1123,Q6UB98,7.73925234,0.0,0.12921145,1,17
1124,Q8N3U4,7.73925234,0.0,0.12921145,1,17
1125,Q5NI79,6.69158879,0.01394468,0.14944134,6,16
1126,O43251,7.69065421,0.0,0.13002795,1,17
1127,P07332,7.69065421,0.0,0.13002795,1,17
1128,Q9UIH9,7.69065421,0.0,0.13002795,1,17
1129,Q9Y3D0,7.69065421,0.0,0.13002795,1,17
1130,Q5NI82,8.57196262,0.0,0.11665940000000001,1,17
1131,Q5NI85,6.28037383,0.02711388,0.15922619,8,16
1132,Q12929,7.27943925,0.0,0.13737322,1,17
1133,Q9UHL4,7.27943925,0.0,0.13737322,1,17
1134,Q9Y2W2,7.27943925,0.0,0.13737322,1,17
1135,Q5NI86,8.31401869,0.0,0.12027878,1,17
1136,Q5NI89,5.06915888,0.17814529,0.19727139,16,15
1137,O75843,6.0682243,0.0,0.16479285,1,16
1138,Q02548,6.0682243,0.0,0.16479285,1,16
1139,Q13616,6.0682243,0.0,0.16479285,1,16
1140,Q5U651,6.0682243,0.0,0.16479285,1,16
1141,Q86UA1,6.0682243,0.0,0.16479285,1,16
1142,Q8NI35,6.0682243,0.0,0.16479285,1,16
1143,Q9HCG8,6.0682243,0.0,0.16479285,1,16
1144,Q5NI90,7.82429907,0.00487133,0.12780698,4,17
1145,Q6IPW1,8.82336449,0.0,0.11333545,1,18
1146,Q9Y2L9,8.82336449,0.0,0.11333545,1,18
1147,Q5NI92,8.94392523,0.0,0.11180773,1,18
1148,Q5NI93,7.28411215,0.01620152,0.13728509,9,17
1149,P26038,8.28317757,0.0,0.12072662,1,18
1150,P98171,8.28317757,0.0,0.12072662,1,18
1151,Q15025,8.28317757,0.0,0.12072662,1,18
1152,Q16630,8.28317757,0.0,0.12072662,1,18
1153,Q969R8,8.28317757,0.0,0.12072662,1,18
1154,Q9Y3T9,8.28317757,0.0,0.12072662,1,18
1155,Q5NI96,1.0,1.0,1.0,3,1
1156,P04083,1.66666667,0.0,0.6,1,2
1157,Q5TEJ8,1.66666667,0.0,0.6,1,2
1158,Q9Y6H1,1.66666667,0.0,0.6,1,2
1159,Q5NIA8,6.58878505,0.01835931,0.15177305,9,16
1160,A8K3J5,7.58785047,0.0,0.13178963,1,17
1161,O60573,7.58785047,0.0,0.13178963,1,17
1162,P06241,7.58785047,0.0,0.13178963,1,17
1163,P21810,7.58785047,0.0,0.13178963,1,17
1164,Q13308,7.58785047,0.0,0.13178963,1,17
1165,Q5VZM2,7.58785047,0.0,0.13178963,1,17
1166,Q96EQ8,7.58785047,0.0,0.13178963,1,17
1167,Q5NIA9,1.0,0.0,1.0,1,1
1168,Q9Y2L1,1.0,0.0,1.0,1,1
1169,Q5NIB1,6.62429907,0.00560457,0.15095937,4,16
1170,O15516,7.62336449,0.0,0.13117568,1,17
1171,Q9H869,7.62336449,0.0,0.13117568,1,17
1172,Q5NIB3,6.85794393,0.00373657,0.14581629999999998,3,16
1173,P49902,7.85700935,0.0,0.12727489,1,17
1174,Q15051,7.85700935,0.0,0.12727489,1,17
1175,Q5NIC1,1.0,0.0,1.0,1,1
1176,Q3BBV0,1.0,0.0,1.0,1,1
1177,Q5NID1,6.89719626,0.02045234,0.14498645,8,16
1178,O75376,7.89626168,0.0,0.12664221,1,17
1179,P67870,7.89626168,0.0,0.12664221,1,17
1180,Q96CW5,7.89626168,0.0,0.12664221,1,17
1181,Q9H4A3,7.89626168,0.0,0.12664221,1,17
1182,Q9NP66,7.89626168,0.0,0.12664221,1,17
1183,Q5NID2,5.45981308,0.15351454,0.18315645,26,15
1184,A6NHR9,6.4588785,0.0,0.15482564,1,16
1185,O00299,6.4588785,0.0,0.15482564,1,16
1186,O94874,6.4588785,0.0,0.15482564,1,16
1187,O94913,6.4588785,0.0,0.15482564,1,16
1188,P11169,6.4588785,0.0,0.15482564,1,16
1189,P17028,6.4588785,0.0,0.15482564,1,16
1190,P22897,6.4588785,0.0,0.15482564,1,16
1191,P27986,6.4588785,0.0,0.15482564,1,16
1192,P32246,6.4588785,0.0,0.15482564,1,16
1193,P35813,6.4588785,0.0,0.15482564,1,16
1194,Q12918,6.4588785,0.0,0.15482564,1,16
1195,Q14118,6.4588785,0.0,0.15482564,1,16
1196,Q7L7V1,6.4588785,0.0,0.15482564,1,16
1197,Q8IYH5,6.4588785,0.0,0.15482564,1,16
1198,Q96RU2,6.4588785,0.0,0.15482564,1,16
1199,Q9H2G2,6.4588785,0.0,0.15482564,1,16
1200,Q9UKA1,6.4588785,0.0,0.15482564,1,16
1201,Q9Y4R7,6.4588785,0.0,0.15482564,1,16
1202,Q5NID7,1.0,0.0,1.0,1,1
1203,Q6ZRC0,1.0,0.0,1.0,1,1
1204,Q5NID9,5.71401869,0.03273269,0.17500818,11,15
1205,P31146,6.49626168,0.00485306,0.15393469,2,16
1206,Q13459,6.71308411,0.0,0.14896283,1,16
1207,Q14BN4,6.71308411,0.0,0.14896283,1,16
1208,Q8N6L0,6.71308411,0.0,0.14896283,1,16
1209,Q96RT1,6.71308411,0.0,0.14896283,1,16
1210,Q9H0I2,6.71308411,0.0,0.14896283,1,16
1211,Q5NIE2,1.0,0.0,1.0,1,1
1212,Q9Y6R1,1.0,0.0,1.0,1,1
1213,Q5NIE3,6.57196262,0.01115047,0.15216155,7,16
1214,O43439,7.57102804,0.0,0.13208246,1,17
1215,P28838,7.57102804,0.0,0.13208246,1,17
1216,Q8NEB5,7.57102804,0.0,0.13208246,1,17
1217,Q9BQ61,7.57102804,0.0,0.13208246,1,17
1218,Q9Y3I1,7.57102804,0.0,0.13208246,1,17
1219,Q5NIE8,1.0,0.0,1.0,1,1
1220,Q99933,1.0,0.0,1.0,1,1
1221,Q5NIE9,6.72897196,0.00306504,0.14861111,2,16
1222,Q5NIF1,1.0,1.0,1.0,3,1
1223,O95070,1.66666667,0.0,0.6,1,2
1224,P18583,1.66666667,0.0,0.6,1,2
1225,Q59FQ0,1.66666667,0.0,0.6,1,2
1226,Q5NIF3,6.51775701,0.00865705,0.15342701,2,16
1227,Q5NIF4,9.17570093,0.00560223,0.1089835,4,18
1228,P20036,10.17476636,0.0,0.09828236,1,19
1229,P86790,10.17476636,0.0,0.09828236,1,19
1230,Q96LZ7,10.17476636,0.0,0.09828236,1,19
1231,Q5NIF9,6.40373832,0.00848866,0.15615879,4,16
1232,P68871,7.40280374,0.0,0.13508395,1,17
1233,Q01459,7.40280374,0.0,0.13508395,1,17
1234,Q5NIG1,5.77196262,0.01113401,0.1732513,3,16
1235,P15692,6.77102804,0.0,0.14768806,1,17
1236,Q5NIG3,1.0,1.0,1.0,2,1
1237,O60658,1.5,0.0,0.66666667,1,2
1238,Q9UKN5,1.5,0.0,0.66666667,1,2
1239,Q5NIG6,7.68785047,0.01092308,0.13007537,7,17
1240,P51114,8.68691589,0.0,0.11511565,1,18
1241,Q02447,8.68691589,0.0,0.11511565,1,18
1242,Q8N1B4,8.68691589,0.0,0.11511565,1,18
1243,Q9NQQ7,8.68691589,0.0,0.11511565,1,18
1244,Q9P2E2,8.68691589,0.0,0.11511565,1,18
1245,Q5NIH2,1.0,0.0,1.0,1,1
1246,P49796,1.0,0.0,1.0,1,1
1247,Q5NIH4,1.0,0.0,1.0,1,1
1248,Q9UI68,1.0,0.0,1.0,1,1
1249,Q5NII1,6.85420561,0.02049597,0.14589583,8,15
1250,O43866,7.85327103,0.0,0.12733548,1,16
1251,P15104,7.85327103,0.0,0.12733548,1,16
1252,Q8WXG6,7.85327103,0.0,0.12733548,1,16
1253,Q5NII2,6.60747664,0.00439735,0.15134371,3,15
1254,Q9H1A3,7.60654206,0.0,0.13146578,1,16
1255,Q5NIJ0,8.44672897,0.00430884,0.11838902,3,18
1256,Q5NIJ1,6.31588785,0.01325673,0.15833087,7,16
1257,O14827,7.31495327,0.0,0.13670627,1,17
1258,O43237,7.31495327,0.0,0.13670627,1,17
1259,Q86XF0,7.31495327,0.0,0.13670627,1,17
1260,Q8N2Q6,7.31495327,0.0,0.13670627,1,17
1261,Q9NZS9,7.31495327,0.0,0.13670627,1,17
1262,Q5NIJ2,1.0,0.0,1.0,1,1
1263,Q8N1G0,1.0,0.0,1.0,1,1
1264,Q5NIJ3,6.54579439,0.0317167,0.15276985,13,16
1265,A2RRP1,7.54485981,0.0,0.13254057,1,17
1266,P09429,7.54485981,0.0,0.13254057,1,17
1267,Q13761,7.54485981,0.0,0.13254057,1,17
1268,Q14242,7.54485981,0.0,0.13254057,1,17
1269,Q49AG3,7.54485981,0.0,0.13254057,1,17
1270,Q6PIY7,7.54485981,0.0,0.13254057,1,17
1271,Q99633,7.54485981,0.0,0.13254057,1,17
1272,Q9BRV8,7.54485981,0.0,0.13254057,1,17
1273,Q9UBQ0,7.54485981,0.0,0.13254057,1,17
1274,Q5NIJ6,1.25,0.83333333,0.8,3,2
1275,Q7L2H7,2.0,0.0,0.5,1,3
1276,Q8IZ83,2.0,0.0,0.5,1,3
1277,Q5NIL2,1.0,0.0,1.0,1,1
1278,Q9ULK4,1.0,0.0,1.0,1,1
1279,Q5NIL8,6.51588785,0.01854791,0.15347103,7,16
1280,O75444,7.51495327,0.0,0.13306803,1,17
1281,Q32P44,7.51495327,0.0,0.13306803,1,17
1282,Q9NTX5,7.51495327,0.0,0.13306803,1,17
1283,Q9P2N5,7.51495327,0.0,0.13306803,1,17
1284,Q5NIM0,9.10841121,0.0,0.10978863,1,19
1285,Q5NIN7,1.0,0.0,1.0,1,1
1286,Q8WU58,1.0,0.0,1.0,1,1
1287,Q5NIN9,7.76635514,0.00373657,0.12876053,3,16
1288,O15294,8.76542056,0.0,0.11408466,1,17
1289,Q6P2H3,8.76542056,0.0,0.11408466,1,17
1290,Q5NIP5,6.43364486,0.01924528,0.15543289,12,16
1291,A8KAD5,7.43271028,0.0,0.13454042,1,17
1292,P04637,7.43271028,0.0,0.13454042,1,17
1293,P0DP23,7.43271028,0.0,0.13454042,1,17
1294,P25789,7.43271028,0.0,0.13454042,1,17
1295,Q13200,7.43271028,0.0,0.13454042,1,17
1296,Q5MIZ7,7.43271028,0.0,0.13454042,1,17
1297,Q8WUA4,7.43271028,0.0,0.13454042,1,17
1298,Q96BR1,7.43271028,0.0,0.13454042,1,17
1299,Q9BZJ0,7.43271028,0.0,0.13454042,1,17
1300,Q5NIP6,5.74579439,0.05766932,0.17404034,15,15
1301,A8MW92,6.74485981,0.0,0.14826105,1,16
1302,O14773,6.74485981,0.0,0.14826105,1,16
1303,P57088,6.74485981,0.0,0.14826105,1,16
1304,Q15080,6.74485981,0.0,0.14826105,1,16
1305,Q5JSL3,6.74485981,0.0,0.14826105,1,16
1306,Q9HBG6,6.74485981,0.0,0.14826105,1,16
1307,Q9NQX5,6.74485981,0.0,0.14826105,1,16
1308,Q9NWB7,6.74485981,0.0,0.14826105,1,16
1309,Q9P007,6.74485981,0.0,0.14826105,1,16
1310,Q5NIP8,8.99626168,0.00186916,0.11115728,2,19
1311,Q9NP97,9.995327099999999,0.0,0.10004675,1,20
1312,Q5NIQ1,5.67476636,0.04147686,0.17621871,3,16
1313,Q5NIQ2,9.20373832,0.0,0.10865150000000001,1,19
1314,Q5NIQ5,1.0,1.0,1.0,2,1
1315,Q6ZMY6,1.5,0.0,0.66666667,1,2
1316,Q7L513,1.5,0.0,0.66666667,1,2
1317,Q79RC1,7.24485981,0.00373657,0.1380289,3,16
1318,P31321,8.24392523,0.0,0.12130144,1,17
1319,Q9NZ32,8.24392523,0.0,0.12130144,1,17
1320,Q79RC4,1.0,0.0,1.0,1,1
1321,Q96GX9,1.0,0.0,1.0,1,1
1322,Q8G8T7,5.20373832,0.08461626,0.19216954,11,14
1323,D1MGQ2,6.20280374,0.0,0.16121742,1,15
1324,O60763,6.20280374,0.0,0.16121742,1,15
1325,P13598,6.20280374,0.0,0.16121742,1,15
1326,P62314,6.20280374,0.0,0.16121742,1,15
1327,Q9BV68,6.20280374,0.0,0.16121742,1,15
1328,protein_b,1.0,0.0,1.0,1,1
1329,int_type,1.0,0.0,1.0,1,1
